first_name,last_name,email,phone
Erny,Matantsev,ematantsev0@odnoklassniki.ru,974-781-8658
Ailis,Mowsdell,amowsdell1@microsoft.com,228-982-7290
Gardiner,Rymour,grymour2@github.com,408-783-4865
Dalenna,Turpin,dturpin3@ovh.net,567-956-2756
Boyce,Isacke,bisacke4@wufoo.com,703-313-6417
Farica,Toffanini,ftoffanini5@newsvine.com,790-592-2766
Consalve,Housden,chousden6@usgs.gov,643-488-6741
Ysabel,Martill,ymartill7@yale.edu,121-615-2204
Elsbeth,Dormon,edormon8@sphinn.com,174-439-0799
Cosette,Sargeant,csargeant9@upenn.edu,102-870-1359
Gertrude,Aitcheson,gaitchesona@youku.com,630-420-1227
Brandise,Lindenblatt,blindenblattb@devhub.com,144-612-6238
Mickie,Ropp,mroppc@businessinsider.com,110-579-7034
Florry,Oene,foened@amazonaws.com,170-476-4646
Mitch,Nelthrop,mnelthrope@aol.com,450-558-1438
Cash,Regorz,cregorzf@sphinn.com,782-542-3627
Lenna,Timberlake,ltimberlakeg@blog.com,431-199-1865
Myer,Cruxton,mcruxtonh@vkontakte.ru,282-454-4135
Angelle,Redmore,aredmorei@themeforest.net,135-876-1333
Jordain,Morsom,jmorsomj@accuweather.com,756-223-8105
Wakefield,Eastwood,weastwoodk@spiegel.de,629-516-5324
Rhonda,Churm,rchurml@networksolutions.com,794-561-4366
Kathryn,Lillegard,klillegardm@hubpages.com,186-124-7145
Hallie,Anwell,hanwelln@lycos.com,933-923-2736
Chris,Braniff,cbraniffo@businesswire.com,265-567-1942
Yvon,Antonazzi,yantonazzip@ifeng.com,545-219-4972
Zorine,Garley,zgarleyq@ehow.com,596-505-6073
Norbert,Martinuzzi,nmartinuzzir@paginegialle.it,557-125-1311
Drusie,Houtbie,dhoutbies@stanford.edu,734-331-7211
Quintus,Finan,qfinant@hostgator.com,980-454-7721
Vinita,Besantie,vbesantieu@scientificamerican.com,939-365-7627
Joellen,Ring,jringv@unc.edu,154-216-9006
Mylo,Elgey,melgeyw@nba.com,268-913-8117
Tansy,MacAindreis,tmacaindreisx@senate.gov,465-856-6677
Huberto,Scrase,hscrasey@xinhuanet.com,182-876-5452
Ric,Tolchard,rtolchardz@delicious.com,174-274-6368
Keenan,Postgate,kpostgate10@geocities.jp,113-874-7766
Lorens,Mundford,lmundford11@1und1.de,855-697-4984
Valene,Jolley,vjolley12@yellowbook.com,533-788-0601
Idalina,Faussett,ifaussett13@npr.org,641-154-2851
Nathan,Gallamore,ngallamore14@adobe.com,471-244-4481
Phelia,Mandal,pmandal15@parallels.com,574-405-1611
Cyndi,Husselbee,chusselbee16@mediafire.com,628-897-4586
Justinian,Bellocht,jbellocht17@mozilla.org,703-436-7934
Biron,Husset,bhusset18@instagram.com,704-848-7485
Drud,Yosifov,dyosifov19@theguardian.com,354-754-8103
Karleen,Beadel,kbeadel1a@google.it,844-684-4420
Leroi,Tiddeman,ltiddeman1b@bloglovin.com,809-825-4378
Hendrika,Bezemer,hbezemer1c@msn.com,561-913-3065
Valery,Compfort,vcompfort1d@yolasite.com,827-958-1864
Alfredo,Legges,alegges1e@imgur.com,190-801-2894
Ranique,Luetkemeyers,rluetkemeyers1f@gnu.org,479-372-0703
Drusilla,Watson,dwatson1g@whitehouse.gov,141-790-9991
Olenolin,Fackney,ofackney1h@g.co,128-832-3832
Grazia,Rosindill,grosindill1i@aboutads.info,180-990-8425
Devora,Bagnal,dbagnal1j@sourceforge.net,743-491-1648
Douglass,Lamburn,dlamburn1k@t-online.de,223-844-6401
Odelle,Stadden,ostadden1l@hugedomains.com,563-652-8582
Melisse,Tingcomb,mtingcomb1m@omniture.com,685-165-7041
Alis,Tinkham,atinkham1n@examiner.com,477-517-9485
Cristionna,Highnam,chighnam1o@gov.uk,562-200-0692
Sabina,O'Donegan,sodonegan1p@indiegogo.com,209-460-5462
Jimmy,Joberne,jjoberne1q@joomla.org,559-437-3078
Nels,Harlin,nharlin1r@php.net,646-880-7724
Antonietta,Kighly,akighly1s@apple.com,606-378-3396
Gail,Blanpein,gblanpein1t@stumbleupon.com,156-795-4411
Doroteya,Prior,dprior1u@ifeng.com,983-979-1753
Manfred,Biasi,mbiasi1v@tumblr.com,441-773-0438
Belicia,McCauley,bmccauley1w@feedburner.com,705-606-1336
Leroi,Ouldred,louldred1x@businesswire.com,353-334-2779
Britt,Shard,bshard1y@ameblo.jp,333-235-2720
Gualterio,Darkin,gdarkin1z@wikispaces.com,573-471-7379
Rickard,Kiddle,rkiddle20@xinhuanet.com,313-161-6138
Erinn,Oloshin,eoloshin21@google.de,962-743-9742
Billy,Attwoul,battwoul22@goo.ne.jp,723-894-9286
Arte,Cavendish,acavendish23@prweb.com,806-786-5150
Jewel,McKenzie,jmckenzie24@youku.com,170-551-7236
Goldina,Carnew,gcarnew25@buzzfeed.com,664-276-4544
Dorice,Garbutt,dgarbutt26@redcross.org,397-197-2410
Zebadiah,Riolfo,zriolfo27@salon.com,431-798-7522
Augie,McQuilkin,amcquilkin28@taobao.com,671-581-8048
Yanaton,Fitchet,yfitchet29@craigslist.org,816-910-9890
Lavinia,Hollingsbee,lhollingsbee2a@tuttocitta.it,246-477-5937
Fidelio,Birbeck,fbirbeck2b@pagesperso-orange.fr,872-119-0084
Claus,Patroni,cpatroni2c@goodreads.com,829-627-5385
Romy,Eyckelberg,reyckelberg2d@gnu.org,641-281-5450
Curtis,Olufsen,colufsen2e@domainmarket.com,379-951-9942
Cyril,Edgley,cedgley2f@example.com,713-388-3889
Lionello,Buckam,lbuckam2g@businessweek.com,102-377-1006
Jessie,Exer,jexer2h@joomla.org,306-285-1468
Kylynn,McLay,kmclay2i@sakura.ne.jp,638-930-1720
Delcina,Petkov,dpetkov2j@istockphoto.com,888-610-3843
Lexine,Chesters,lchesters2k@e-recht24.de,571-969-5285
Harley,Chafer,hchafer2l@businessweek.com,252-998-9999
Adelbert,Asquith,aasquith2m@fotki.com,527-969-0668
Stanislaw,Presshaugh,spresshaugh2n@google.es,961-176-0320
Sheff,Lefridge,slefridge2o@sbwire.com,799-857-6409
Erny,Clarke-Williams,eclarkewilliams2p@pbs.org,955-393-8664
Dawna,Furmagier,dfurmagier2q@feedburner.com,547-391-7735
Janaye,Cherry Holme,jcherryholme2r@jugem.jp,963-932-2490
Tabina,Muirden,tmuirden2s@economist.com,785-292-6725
Melisandra,Meegan,mmeegan2t@ucsd.edu,800-771-2897
Lambert,Lynch,llynch2u@woothemes.com,869-886-3117
Win,Fitzsymonds,wfitzsymonds2v@indiegogo.com,662-739-5172
Gerrie,Imlen,gimlen2w@fema.gov,846-267-6637
Taddeo,Morrilly,tmorrilly2x@youtu.be,306-670-3769
Webster,Oehme,woehme2y@europa.eu,304-380-6872
Estell,Labuschagne,elabuschagne2z@tripadvisor.com,827-144-0150
Tobe,Ghidini,tghidini30@squidoo.com,992-793-4514
Pandora,Bradburne,pbradburne31@comsenz.com,477-791-6005
Dwayne,Swinbourne,dswinbourne32@webeden.co.uk,128-380-6229
Kristofer,Bulfoy,kbulfoy33@deliciousdays.com,294-414-0158
Malinda,Irlam,mirlam34@shop-pro.jp,695-861-3096
Carney,Ible,cible35@bloomberg.com,774-625-2789
Mitchell,Bourton,mbourton36@taobao.com,405-194-2376
Bertram,Stirzaker,bstirzaker37@ihg.com,668-312-1681
Darya,Tukesby,dtukesby38@google.com.hk,683-131-9369
Hewie,Spedroni,hspedroni39@vk.com,370-391-5285
Justen,Welch,jwelch3a@1und1.de,161-171-5378
Kaitlynn,Topaz,ktopaz3b@bandcamp.com,846-384-9573
Glad,Grombridge,ggrombridge3c@surveymonkey.com,633-559-7148
Kristien,Bartelli,kbartelli3d@51.la,868-906-6938
Conroy,Strathdee,cstrathdee3e@gizmodo.com,475-959-5404
Tedra,Sutheran,tsutheran3f@printfriendly.com,295-914-8934
Tarrance,Hallawell,thallawell3g@spotify.com,954-784-3072
Matthus,Attarge,mattarge3h@ibm.com,399-334-6160
Merrily,Hacard,mhacard3i@samsung.com,785-742-5788
Cosette,Hair,chair3j@de.vu,117-799-5811
Hannah,Ellingworth,hellingworth3k@wordpress.com,991-719-9846
Kyrstin,Royle,kroyle3l@exblog.jp,521-729-9820
Ingelbert,Walsham,iwalsham3m@hhs.gov,727-811-1127
Opal,Town,otown3n@pinterest.com,650-971-3194
Odelia,Deek,odeek3o@sina.com.cn,352-390-2003
Emmet,Leimster,eleimster3p@google.fr,772-967-7616
Lance,Culleton,lculleton3q@theglobeandmail.com,604-988-0183
Fabio,Dayton,fdayton3r@bbc.co.uk,871-915-1623
Olive,Cottu,ocottu3s@washingtonpost.com,225-270-0180
Tiler,Ducker,tducker3t@slideshare.net,403-250-7173
Holt,Mangham,hmangham3u@liveinternet.ru,973-666-6556
Jasun,Tombling,jtombling3v@miibeian.gov.cn,840-212-8707
Natividad,Bolver,nbolver3w@godaddy.com,615-205-8563
Joane,Perrin,jperrin3x@answers.com,857-567-4186
Sheilakathryn,Sallows,ssallows3y@php.net,573-837-2291
Siana,Bembridge,sbembridge3z@goo.ne.jp,269-675-2782
Cletus,Binne,cbinne40@123-reg.co.uk,437-273-9310
Deck,Thomason,dthomason41@yahoo.co.jp,342-640-1477
Jasun,Rounsefell,jrounsefell42@comsenz.com,199-431-9639
Gisella,Guinn,gguinn43@cbsnews.com,140-526-7623
Brunhilda,Arunowicz,barunowicz44@aboutads.info,492-517-8714
Stefan,Sapwell,ssapwell45@elpais.com,878-221-7241
Rubina,Josling,rjosling46@e-recht24.de,702-115-0779
Fielding,D'Onise,fdonise47@wisc.edu,518-854-7849
Ulrica,Quested,uquested48@amazon.com,379-605-3976
Violetta,Bleue,vbleue49@mayoclinic.com,902-313-5035
Prue,Terram,pterram4a@disqus.com,674-115-4165
Meade,Gemson,mgemson4b@adobe.com,748-338-5006
Barnard,Meneux,bmeneux4c@gizmodo.com,396-846-1761
Vasili,Castanone,vcastanone4d@bravesites.com,682-166-1948
Davina,Tripet,dtripet4e@epa.gov,396-979-2312
Allison,MacCulloch,amacculloch4f@fema.gov,890-723-3968
Fidelity,Whittlesee,fwhittlesee4g@salon.com,274-979-1435
Davey,Calderbank,dcalderbank4h@google.es,637-987-1448
Godfry,Warner,gwarner4i@state.gov,921-655-3490
Goldie,Kalinsky,gkalinsky4j@salon.com,597-383-3368
Binny,Stut,bstut4k@prlog.org,219-698-9320
Mattie,Crossby,mcrossby4l@constantcontact.com,284-656-4456
Danila,Oldford,doldford4m@wordpress.org,148-747-7194
Errick,Ambrogetti,eambrogetti4n@quantcast.com,436-796-2598
Sile,Issett,sissett4o@usatoday.com,247-293-4265
Nikola,Rames,nrames4p@blogs.com,373-463-8560
Darrell,Salvidge,dsalvidge4q@slideshare.net,750-669-3616
Kaine,Greedy,kgreedy4r@sohu.com,896-934-1112
Celia,MacLennan,cmaclennan4s@hibu.com,732-935-3495
Rolf,Sweetnam,rsweetnam4t@theatlantic.com,878-961-5478
Inez,Cobby,icobby4u@craigslist.org,221-195-5280
Ericha,Giggie,egiggie4v@whitehouse.gov,318-581-4556
Garald,Fidilis,gfidilis4w@gmpg.org,972-806-1226
Saundra,Klulik,sklulik4x@thetimes.co.uk,132-633-4856
Olivette,Sedgeworth,osedgeworth4y@naver.com,317-871-9803
Noemi,MacAulay,nmacaulay4z@cyberchimps.com,450-749-6424
Terrance,Cutchie,tcutchie50@intel.com,765-978-8168
Ingelbert,Salzberg,isalzberg51@360.cn,986-599-3883
Vail,MacRury,vmacrury52@samsung.com,568-851-3206
Aurthur,Ellor,aellor53@google.de,148-392-8575
Mareah,Elcocks,melcocks54@tiny.cc,201-886-2410
Willem,Cosgreave,wcosgreave55@123-reg.co.uk,298-924-0922
Darcee,McGuffie,dmcguffie56@exblog.jp,735-981-8264
Kiersten,Skaife,kskaife57@tripadvisor.com,288-120-6417
Rafaellle,Northing,rnorthing58@google.com.br,935-243-6689
Ainsley,McGrane,amcgrane59@mashable.com,454-394-8669
Rochell,Mountstephen,rmountstephen5a@barnesandnoble.com,718-929-8527
Martita,Rivelon,mrivelon5b@gizmodo.com,327-923-6358
Nicolea,McGrotty,nmcgrotty5c@posterous.com,568-835-6043
Thibaud,Clemits,tclemits5d@behance.net,408-938-8589
Ferris,Peniman,fpeniman5e@nbcnews.com,868-619-7691
Derwin,Cayzer,dcayzer5f@opensource.org,482-272-0155
Gene,Dimitrijevic,gdimitrijevic5g@cnn.com,547-829-3724
Averill,Stockall,astockall5h@xinhuanet.com,537-488-2016
Milka,Crompton,mcrompton5i@cornell.edu,445-326-0126
Gavin,Longfoot,glongfoot5j@hatena.ne.jp,291-966-3228
Marthena,Phizaclea,mphizaclea5k@canalblog.com,111-855-5468
Tybie,Callaway,tcallaway5l@hud.gov,730-579-6964
Devy,Jablonski,djablonski5m@mac.com,498-866-4057
Lil,Goldsbury,lgoldsbury5n@about.com,600-293-7153
Ilysa,Cutten,icutten5o@yahoo.com,335-659-4300
Salem,Kinsman,skinsman5p@go.com,805-208-5039
Denny,Testro,dtestro5q@example.com,766-457-8762
Damara,De Winton,ddewinton5r@wiley.com,432-151-3992
Winnie,Helliker,whelliker5s@twitter.com,444-918-6060
Nicolas,Layburn,nlayburn5t@census.gov,237-618-8612
Thekla,Averill,taverill5u@spotify.com,391-951-2149
Minne,Vernall,mvernall5v@barnesandnoble.com,467-359-3822
Noe,Renals,nrenals5w@uol.com.br,814-656-5603
Titus,Anscombe,tanscombe5x@eepurl.com,117-593-1199
Bari,Bengtsen,bbengtsen5y@liveinternet.ru,154-885-6313
Marcelle,Pannaman,mpannaman5z@example.com,111-576-2245
Annadiana,Hanson,ahanson60@shop-pro.jp,704-996-9162
Leesa,Huntingford,lhuntingford61@shop-pro.jp,744-261-1967
Sandy,Yarmouth,syarmouth62@photobucket.com,171-127-5268
Sarine,Bremond,sbremond63@google.pl,887-201-9079
Valry,Wrigglesworth,vwrigglesworth64@oaic.gov.au,969-884-0387
Fonzie,Blackstock,fblackstock65@statcounter.com,983-630-9947
Micky,Bamfield,mbamfield66@umich.edu,684-608-5774
Thadeus,Guillon,tguillon67@1und1.de,896-842-6770
Denni,Giamuzzo,dgiamuzzo68@naver.com,918-182-6749
Anselm,Ellerby,aellerby69@t-online.de,111-490-7041
Frederigo,Kipping,fkipping6a@google.co.uk,699-408-2515
King,Grigolli,kgrigolli6b@va.gov,319-324-7015
Michaeline,Van den Broek,mvandenbroek6c@soup.io,750-810-2641
Joellyn,Crowder,jcrowder6d@icio.us,695-518-6821
Aidan,Espy,aespy6e@ocn.ne.jp,314-358-8693
Rodi,Di Giacomettino,rdigiacomettino6f@spiegel.de,601-415-5106
Penelopa,Klausewitz,pklausewitz6g@sciencedirect.com,934-166-3922
Caralie,Holcroft,cholcroft6h@tmall.com,441-653-8318
Rollie,Gudd,rgudd6i@nature.com,675-716-4344
Mal,Jouannisson,mjouannisson6j@elpais.com,120-877-0028
Curt,Blackleech,cblackleech6k@deliciousdays.com,430-137-5386
Kordula,Jaggers,kjaggers6l@scientificamerican.com,853-444-3729
Charissa,Bach,cbach6m@scientificamerican.com,119-697-8459
Correy,Elvy,celvy6n@guardian.co.uk,650-639-5006
Raymund,Philipsson,rphilipsson6o@apple.com,901-148-6893
Spence,Gallagher,sgallagher6p@hc360.com,311-652-5843
Kenton,Knowlys,kknowlys6q@histats.com,595-368-5650
Meredithe,Gillison,mgillison6r@theatlantic.com,791-740-0169
Germaine,Wetwood,gwetwood6s@yelp.com,173-554-1919
Elizabet,Rameaux,erameaux6t@goo.gl,395-852-5051
Libby,Mordey,lmordey6u@usgs.gov,513-981-3028
Irene,Cuffley,icuffley6v@tuttocitta.it,626-482-2466
Kyla,Kyneton,kkyneton6w@elegantthemes.com,178-249-5405
Eveleen,Mularkey,emularkey6x@java.com,672-818-9022
Ajay,Raincin,araincin6y@hc360.com,626-966-2256
Issy,Tabor,itabor6z@admin.ch,787-913-3444
Neile,Canete,ncanete70@devhub.com,259-466-3097
Paco,Haskew,phaskew71@mit.edu,601-390-4820
Elaine,Alvarado,ealvarado72@github.com,660-763-5989
Johnnie,Bristoe,jbristoe73@nature.com,414-441-1153
Nat,Laffling,nlaffling74@webmd.com,423-232-8303
Noam,Cowill,ncowill75@ezinearticles.com,906-731-2806
Natalina,Loughlan,nloughlan76@discovery.com,339-511-3854
Kasey,Buttress,kbuttress77@virginia.edu,165-636-9339
Flore,Joyes,fjoyes78@zdnet.com,975-889-5103
Merola,Whenman,mwhenman79@ask.com,878-922-3446
Catriona,Mourant,cmourant7a@nytimes.com,359-274-8529
Kenon,Deftie,kdeftie7b@alibaba.com,962-103-9965
Darwin,Fahy,dfahy7c@blogspot.com,376-259-5360
Nelia,Lismore,nlismore7d@disqus.com,622-379-3476
Kelvin,Camin,kcamin7e@comcast.net,724-695-4587
Tiffany,Durn,tdurn7f@telegraph.co.uk,644-791-4830
Rahel,Shalders,rshalders7g@soundcloud.com,205-463-2705
Hermine,Sturdey,hsturdey7h@dion.ne.jp,814-963-0659
Carlyn,Sirett,csirett7i@fc2.com,206-416-0607
Bobine,Heymes,bheymes7j@cocolog-nifty.com,705-112-8830
Kandace,Panas,kpanas7k@house.gov,909-102-3245
Tobi,Gutridge,tgutridge7l@yellowbook.com,221-823-4792
Ardelia,Trowl,atrowl7m@google.it,379-213-1508
Shep,Jansens,sjansens7n@paginegialle.it,530-843-7465
Swen,Fair,sfair7o@cnbc.com,877-854-5236
Maddy,Brownlea,mbrownlea7p@prweb.com,117-995-2568
Beverie,Mapham,bmapham7q@xing.com,875-450-8737
Dalis,Branford,dbranford7r@economist.com,442-671-3252
Sanford,Carslake,scarslake7s@alexa.com,329-319-1955
Pat,Kingcote,pkingcote7t@springer.com,663-500-1915
Caryn,Chree,cchree7u@bravesites.com,831-138-5133
Tillie,Serck,tserck7v@cocolog-nifty.com,113-590-0935
Yankee,Gittins,ygittins7w@gizmodo.com,492-285-9246
Shem,Alleburton,salleburton7x@so-net.ne.jp,488-398-1371
Cooper,Gladbeck,cgladbeck7y@hhs.gov,485-897-0858
Karyn,Buckmaster,kbuckmaster7z@prnewswire.com,674-814-3298
Hilde,Sambidge,hsambidge80@wordpress.org,441-499-3239
Blair,Hatchman,bhatchman81@wisc.edu,902-112-5111
Trudey,Voysey,tvoysey82@etsy.com,844-900-0640
Jareb,Fleckney,jfleckney83@reverbnation.com,757-894-1681
Mill,McAulay,mmcaulay84@google.com.hk,477-432-6122
Abbey,Critzen,acritzen85@elpais.com,974-754-6521
Ladonna,Vila,lvila86@gravatar.com,953-257-3012
Pris,Gurrado,pgurrado87@soundcloud.com,599-281-0564
Ardyth,Sprott,asprott88@addtoany.com,708-427-6958
Alfy,Vagg,avagg89@dot.gov,848-798-7532
Penelopa,Landsman,plandsman8a@hugedomains.com,125-954-7555
Harley,Hoyes,hhoyes8b@gov.uk,363-831-9724
